User Input,Predicted Value
21.0,36038687754.714096
122.0,36038687754.714096
123.0,36038687754.714096
